{
    "accuracy": 0.9165,
    "precision": 0.8908863920099875,
    "recall": 0.9391945248749671,
    "f1_score": 0.9144028703229113,
    "roc_auc": 0.9715966861072137,
    "confusion_matrix": [
        [
            3764,
            437
        ],
        [
            231,
            3568
        ]
    ]
}