{
    "accuracy": 0.96725,
    "precision": 0.9575679172056921,
    "recall": 0.9742037378257437,
    "f1_score": 0.9658141962421712,
    "roc_auc": 0.9956038369134461,
    "confusion_matrix": [
        [
            4037,
            164
        ],
        [
            98,
            3701
        ]
    ]
}