{
    "accuracy": 0.9115,
    "precision": 0.8774114774114774,
    "recall": 0.9457752040010529,
    "f1_score": 0.9103116290853813,
    "roc_auc": 0.9690160448266902,
    "confusion_matrix": [
        [
            3699,
            502
        ],
        [
            206,
            3593
        ]
    ]
}