{
    "accuracy": 0.96825,
    "precision": 0.955772692208794,
    "recall": 0.9784153724664385,
    "f1_score": 0.9669614984391259,
    "roc_auc": 0.9951588382640442,
    "confusion_matrix": [
        [
            4029,
            172
        ],
        [
            82,
            3717
        ]
    ]
}